{
  "required": {
    "region": "ap-south-1",
    "CDPcontrolplaneregion": "US",
    "networkEndpointsFile": "./config/network_endpoints.json"
  },
  "iam":{
    "_comment1": "IAM roles created for CDP",
    "cross_account_role":"ansh-cross-acct-min-policy-role",
    "datalake_admin_role":"ansh-datalake-admin-role",
    "idbroker_role":"ansh-idbroker-role",
    "log_role":"ansh-log-role",
    "ranger_audit_role":"ansh-ranger-audit-role",

    "_comment2":"Bucket and Storage location created for CDP",
    "bucket_name":"ansh-cdp-bucket",
    "storage_base_location":"${bucket_name}/data",
    "backup_location_base":"${bucket_name}/backup",
    "log_location_base":"${bucket_name}/logs",

    "_comment3":"DO NOT Update anything after this - CDP IAM Policy URL to fetch updated roles",
    "cdp_log_policy":"https://raw.githubusercontent.com/hortonworks/cloudbreak/master/cloud-aws-common/src/main/resources/definitions/cdp/aws-cdp-log-policy.json",
    "cdp_backup_policy":"https://raw.githubusercontent.com/hortonworks/cloudbreak/master/cloud-aws-common/src/main/resources/definitions/cdp/aws-cdp-backup-policy.json",
    "cdp_ranger_audit_s3_policy":"https://raw.githubusercontent.com/hortonworks/cloudbreak/master/cloud-aws-common/src/main/resources/definitions/cdp/aws-cdp-ranger-audit-s3-policy.json",
    "cdp_datalake_admin_s3_policy":"https://raw.githubusercontent.com/hortonworks/cloudbreak/master/cloud-aws-common/src/main/resources/definitions/cdp/aws-cdp-datalake-admin-s3-policy.json",
    "cdp_bucket_access_policy":"https://raw.githubusercontent.com/hortonworks/cloudbreak/master/cloud-aws-common/src/main/resources/definitions/cdp/aws-cdp-bucket-access-policy.json",
    "datalake_backup_policy":"https://raw.githubusercontent.com/hortonworks/cloudbreak/master/cloud-aws-cloudformation/src/main/resources/definitions/aws-datalake-backup-policy.json",
    "datalake_restore_policy":"https://raw.githubusercontent.com/hortonworks/cloudbreak/master/cloud-aws-cloudformation/src/main/resources/definitions/aws-datalake-restore-policy.json",
    "cross_account_minimum_policy":"https://raw.githubusercontent.com/hortonworks/cloudbreak/master/cloud-aws-common/src/main/resources/definitions/aws-environment-minimal-policy.json",

    "_comment4":"Assume Role Policies",
    "aws-cdp-ec2-role-trust-policy":"aws-cdp-ec2-role-trust-policy.json",
    "aws-cdp-idbroker-role-trust-policy":"aws-cdp-idbroker-role-trust-policy.json"
  },
  "quota":{
    "vpc_count": 1,
    "subnets_count": 6,
    "internet_gateways_count": 1,
    "nat_gateways_count": 3,
    "elastic_ips_count": 3,
    "elastic_loadbalancers_count": 10,
    "rds_db_instances_count": 5,
    "eks_clusters_count": 4,
    "ec2_instances_count": 40
  },
  "optional": {},
  "_comment": "Add additional parameters in the above form as required",
  "_comment2": "README"
}
