{
  "required": {
    "region": "westus",
    "CDPcontrolplaneregion": "US",
    "networkEndpointsFile": "./config/network_endpoints.json"
  },
  "cloudAdminAADRole": "Application Developer",
  "environmentResourceGroup":"",
  "servicePrincipal": {
    "SPN": "",
    "SPNPassword": "",
    "singleRGServiceEndpointRole": "",
    "singleRGPrivateEndpointRole": "",
    "multiRGRole": ""
  },
  "prerequisiteResources": {
    "resourceGroupName": "",
    "storageAccountName": "",
    "containers": {
      "data": "",
      "log": "",
      "backup": ""
    },
    "managedIdentities": {
      "Assumer": "",
      "DataAccess": "",
      "Ranger": "",
      "Logger": ""
    }
  },
  "network": {
    "vnetResourceGroupName": "",
    "vnetName": "",
    "vnetCIDR": "",
    "subnetNames": [],
    "nsgResourceGroupName": "",
    "knoxNSGName": "",
    "defaultNSGName": "",
    "privateDNSZoneResourceGroupName": "",
    "privateDNSZoneName": "",
    "publicIPAllowed": true
  },
  "resourceQuota": {
    "environmentType": "Light",
    "CDPDeploymentType": "Public"
  }
}