{
	"aws_common_us": [
		"https://test.v2.ccm.us-west-1.cdp.cloudera.com",
		"https://35.80.24.128",
		"https://54.149.82.212",
		"https://54.70.89.251",
		"https://35.166.129.146",
		"https://dbusapi.us-west-1.sigma.altus.cloudera.com",
		"https://PLACEHOLDER.s3.amazonaws.com",
		"https://api.us-west-1.cdp.cloudera.com",
		"https://archive.cloudera.com",
		"https://sts.amazonaws.com",
		"https://sts.PLACEHOLDER.amazonaws.com",
		"https://s3.amazonaws.com",
		"https://test.s3.amazonaws.com",
		"https://test.s3.PLACEHOLDER.amazonaws.com"
	],
	"data_services_us": [
		"https://raw.githubusercontent.com",
		"https://github.com",
		"https://container.repository.cloudera.com",
		"https://docker.repository.cloudera.com",
		"https://container.repo.cloudera.com",
		"https://test.s3.us-west-2.amazonaws.com",
		"https://s3-r-w.us-west-2.amazonaws.com",
		"https://consoleauth.us-west-1.core.altus.cloudera.com",
		"https://consoleauth.altus.cloudera.com",
		"https://github.com/cloudera/learning-hub-content",
		"https://ec2.PLACEHOLDER.amazonaws.com",
		"https://eks.PLACEHOLDER.amazonaws.com",
		"https://api.ecr.PLACEHOLDER.amazonaws.com",
		"https://test.dkr.ecr.PLACEHOLDER.amazonaws.com",
		"https://cloudformation.PLACEHOLDER.amazonaws.com",
		"https://autoscaling.PLACEHOLDER.amazonaws.com",
		"https://elasticfilesystem.PLACEHOLDER.amazonaws.com",
		"https://elasticloadbalancing.PLACEHOLDER.amazonaws.com",
		"https://rds.PLACEHOLDER.amazonaws.com",
		"https://servicequotas.PLACEHOLDER.amazonaws.com",
		"https://api.pricing.us-east-1.amazonaws.com",
		"https://d-5yv352guzg.execute-api.us-west-2.amazonaws.com"
	],
	"data_hub": [
		"https://pypi.org"
	],
	"aws_common_eu": [
		"https://test.v2.ccm.eu-1.cdp.cloudera.com",
		"https://3.65.246.128",
		"https://dbusapi.us-west-1.sigma.altus.cloudera.com",
		"https://PLACEHOLDER.s3.amazonaws.com",
		"https://api.eu-1.cdp.cloudera.com",
		"https://api.us-west-1.cdp.cloudera.com",
		"https://archive.cloudera.com",
		"https://sts.amazonaws.com",
		"https://sts.PLACEHOLDER.amazonaws.com",
		"https://s3.amazonaws.com",
		"https://test.s3.amazonaws.com",
		"https://test.s3.PLACEHOLDER.amazonaws.com"
	],
	"data_services_eu": [
		"https://raw.githubusercontent.com",
		"https://github.com",
		"https://container.repository.cloudera.com",
		"https://docker.repository.cloudera.com",
		"https://container.repo.cloudera.com",
		"https://test.s3.eu-west-1.amazonaws.com",
		"https://s3-r-w.eu-west-1.amazonaws.com",
		"https://consoleauth.us-west-1.core.altus.cloudera.com",
		"https://consoleauth.altus.cloudera.com",
		"https://github.com/cloudera/learning-hub-content",
		"https://ec2.PLACEHOLDER.amazonaws.com",
		"https://eks.PLACEHOLDER.amazonaws.com",
		"https://api.ecr.PLACEHOLDER.amazonaws.com",
		"https://test.dkr.ecr.PLACEHOLDER.amazonaws.com",
		"https://cloudformation.PLACEHOLDER.amazonaws.com",
		"https://autoscaling.PLACEHOLDER.amazonaws.com",
		"https://elasticfilesystem.PLACEHOLDER.amazonaws.com",
		"https://elasticloadbalancing.PLACEHOLDER.amazonaws.com",
		"https://rds.PLACEHOLDER.amazonaws.com",
		"https://servicequotas.PLACEHOLDER.amazonaws.com",
		"https://api.pricing.us-east-1.amazonaws.com",
		"https://d-t0ji4ujfa6.execute-api.eu-west-1.amazonaws.com"
	],
	"aws_common_ap": [
		"https://test.v2.ccm.ap-1.cdp.cloudera.com",
		"https://3.26.127.64",
		"https://dbusapi.us-west-1.sigma.altus.cloudera.com",
		"https://PLACEHOLDER.s3.amazonaws.com",
		"https://api.ap-1.cdp.cloudera.com",
		"https://api.us-west-1.cdp.cloudera.com",
		"https://archive.cloudera.com",
		"https://sts.amazonaws.com",
		"https://sts.PLACEHOLDER.amazonaws.com",
		"https://s3.amazonaws.com",
		"https://test.s3.amazonaws.com",
		"https://test.s3.PLACEHOLDER.amazonaws.com"
	],
	"data_services_ap": [
		"https://raw.githubusercontent.com",
		"https://github.com",
		"https://container.repository.cloudera.com",
		"https://docker.repository.cloudera.com",
		"https://container.repo.cloudera.com",
		"https://test.s3.eu-west-1.amazonaws.com",
		"https://s3-r-w.eu-west-1.amazonaws.com",
		"https://consoleauth.us-west-1.core.altus.cloudera.com",
		"https://consoleauth.altus.cloudera.com",
		"https://github.com/cloudera/learning-hub-content",
		"https://ec2.PLACEHOLDER.amazonaws.com",
		"https://eks.PLACEHOLDER.amazonaws.com",
		"https://api.ecr.PLACEHOLDER.amazonaws.com",
		"https://test.dkr.ecr.PLACEHOLDER.amazonaws.com",
		"https://cloudformation.PLACEHOLDER.amazonaws.com",
		"https://autoscaling.PLACEHOLDER.amazonaws.com",
		"https://elasticfilesystem.PLACEHOLDER.amazonaws.com",
		"https://elasticloadbalancing.PLACEHOLDER.amazonaws.com",
		"https://rds.PLACEHOLDER.amazonaws.com",
		"https://servicequotas.PLACEHOLDER.amazonaws.com",
		"https://api.pricing.us-east-1.amazonaws.com",
		"https://d-t0ji4ujfa6.execute-api.eu-west-1.amazonaws.com"
	],
	"aws_minimal_us": [],
	"azure_common_us": [
		"https://test.v2.ccm.us-west-1.cdp.cloudera.com",
		"https://35.80.24.128",
		"https://54.149.82.212",
		"https://54.70.89.251",
		"https://35.166.129.146",
		"https://dbusapi.us-west-1.sigma.altus.cloudera.com",
		"https://us-west-2.s3.amazonaws.com",
		"https://api.us-west-1.cdp.cloudera.com",
		"https://archive.cloudera.com"
	],
	"azure_data_services_us": [
		"https://raw.githubusercontent.com",
		"https://github.com",
		"https://container.repository.cloudera.com",
		"https://docker.repository.cloudera.com",
		"https://container.repo.cloudera.com",
		"https://test.s3.us-west-2.amazonaws.com",
		"https://s3-r-w.us-west-2.amazonaws.com",
		"https://consoleauth.altus.cloudera.com",
		"https://github.com/cloudera/learning-hub-content",
		"https://mcr.microsoft.com",
		"https://management.azure.com",
		"https://login.microsoftonline.com",
		"https://packages.microsoft.com",
		"https://acs-mirror.azureedge.net",
		"https://mcr.microsoft.com",
		"https://management.azure.com",
		"https://login.microsoftonline.com",
		"https://packages.microsoft.com",
		"https://acs-mirror.azureedge.net",
		"https://security.ubuntu.com",
		"https://azure.archive.ubuntu.com",
		"https://changelogs.ubuntu.com",
		"https://nvidia.github.io",
		"https://us.download.nvidia.com",
		"https://download.docker.com",
		"https://dc.services.visualstudio.com"
	],
	"azure_non_https": [
	],
	"azure_common_eu": [
		"https://test.v2.ccm.eu-1.cdp.cloudera.com",
		"https://3.65.246.128",
		"https://eu-west-1.s3.amazonaws.com",
		"https://api.eu-1.cdp.cloudera.com",
		"https://archive.cloudera.com"
	],
	"azure_data_services_eu": [
		"https://raw.githubusercontent.com",
		"https://github.com",
		"https://container.repository.cloudera.com",
		"https://docker.repository.cloudera.com",
		"https://container.repo.cloudera.com",
		"https://test.s3.eu-west-1.amazonaws.com",
		"https://s3-r-w.eu-west-1.amazonaws.com",
		"https://consoleauth.altus.cloudera.com",
		"https://github.com/cloudera/learning-hub-content",
		"https://mcr.microsoft.com",
		"https://management.azure.com",
		"https://login.microsoftonline.com",
		"https://packages.microsoft.com",
		"https://acs-mirror.azureedge.net",
		"https://mcr.microsoft.com",
		"https://management.azure.com",
		"https://login.microsoftonline.com",
		"https://packages.microsoft.com",
		"https://acs-mirror.azureedge.net",
		"https://security.ubuntu.com",
		"https://azure.archive.ubuntu.com",
		"https://changelogs.ubuntu.com",
		"https://nvidia.github.io",
		"https://us.download.nvidia.com",
		"https://download.docker.com",
		"https://dc.services.visualstudio.com"
	],
	"azure_common_ap": [
		"https://test.v2.ccm.ap-1.cdp.cloudera.com",
		"https://3.26.127.64",
		"https://ap-southeast-1.s3.amazonaws.com",
		"https://api.ap-1.cdp.cloudera.com",
		"https://archive.cloudera.com"
	],
	"azure_data_services_ap": [
		"https://raw.githubusercontent.com",
		"https://github.com",
		"https://container.repository.cloudera.com",
		"https://docker.repository.cloudera.com",
		"https://container.repo.cloudera.com",
		"https://test.s3.eu-west-1.amazonaws.com",
		"https://s3-r-w.eu-west-1.amazonaws.com",
		"https://consoleauth.altus.cloudera.com",
		"https://github.com/cloudera/learning-hub-content",
		"https://mcr.microsoft.com",
		"https://management.azure.com",
		"https://login.microsoftonline.com",
		"https://packages.microsoft.com",
		"https://acs-mirror.azureedge.net",
		"https://mcr.microsoft.com",
		"https://management.azure.com",
		"https://login.microsoftonline.com",
		"https://packages.microsoft.com",
		"https://acs-mirror.azureedge.net",
		"https://security.ubuntu.com",
		"https://azure.archive.ubuntu.com",
		"https://changelogs.ubuntu.com",
		"https://nvidia.github.io",
		"https://us.download.nvidia.com",
		"https://download.docker.com",
		"https://dc.services.visualstudio.com"
	],
	"gcp_common_us": []
}